{
  "project_info": {
    "project_number": "118520971438",
    "firebase_url": "https://quepasapp-a6698.firebaseio.com",
    "project_id": "quepasapp-a6698",
    "storage_bucket": "quepasapp-a6698.appspot.com"
  },
  "client": [
    {
      "client_info": {
        "mobilesdk_app_id": "1:118520971438:android:86b9befeb0c8d424",
        "android_client_info": {
          "package_name": "com.example.scottowen.speak"
        }
      },
      "oauth_client": [
        {
          "client_id": "118520971438-utmnrhc86q9aavffnb54frjvk69urmch.apps.googleusercontent.com",
          "client_type": 1,
          "android_info": {
            "package_name": "com.example.scottowen.speak",
            "certificate_hash": "a88ae1df2178e409341fb6cdbd37ab24970bfd66"
          }
        },
        {
          "client_id": "118520971438-tni5frq6s8tbmku0e2u5d49eo8pnioss.apps.googleusercontent.com",
          "client_type": 3
        }
      ],
      "api_key": [
        {
          "current_key": "AIzaSyB6CpfyZM-p645cyTlooU2TwGqm5AE5gd8"
        }
      ],
      "services": {
        "analytics_service": {
          "status": 1
        },
        "appinvite_service": {
          "status": 2,
          "other_platform_oauth_client": [
            {
              "client_id": "118520971438-tni5frq6s8tbmku0e2u5d49eo8pnioss.apps.googleusercontent.com",
              "client_type": 3
            }
          ]
        },
        "ads_service": {
          "status": 2
        }
      }
    }
  ],
  "configuration_version": "1"
}