{
  "project_info": {
    "project_number": "194862734192",
    "firebase_url": "https://rabd-9dd8d.firebaseio.com",
    "project_id": "rabd-9dd8d",
    "storage_bucket": "rabd-9dd8d.appspot.com"
  },
  "client": [
    {
      "client_info": {
        "mobilesdk_app_id": "1:194862734192:android:2df681f2fbaa692e",
        "android_client_info": {
          "package_name": "com.example.scottowen.reciclajeappfire"
        }
      },
      "oauth_client": [
        {
          "client_id": "194862734192-pcm9our1ccr43vjtkgr03bla1tpjhri6.apps.googleusercontent.com",
          "client_type": 3
        }
      ],
      "api_key": [
        {
          "current_key": "AIzaSyBXWtZeY46doG2Gnb7wQ4NtG4holAzZoJw"
        }
      ],
      "services": {
        "analytics_service": {
          "status": 1
        },
        "appinvite_service": {
          "status": 1,
          "other_platform_oauth_client": []
        },
        "ads_service": {
          "status": 2
        }
      }
    }
  ],
  "configuration_version": "1"
}