{
  "project_info": {
    "project_number": "1051003459231",
    "firebase_url": "https://hablappme.firebaseio.com",
    "project_id": "hablappme",
    "storage_bucket": "hablappme.appspot.com"
  },
  "client": [
    {
      "client_info": {
        "mobilesdk_app_id": "1:1051003459231:android:aec58fec8e791fe2",
        "android_client_info": {
          "package_name": "com.dam.loginfirebase"
        }
      },
      "oauth_client": [
        {
          "client_id": "1051003459231-0mj7p6vhcbmg7kn9796fss9q7mpf2gs4.apps.googleusercontent.com",
          "client_type": 1,
          "android_info": {
            "package_name": "com.dam.loginfirebase",
            "certificate_hash": "a88ae1df2178e409341fb6cdbd37ab24970bfd66"
          }
        },
        {
          "client_id": "1051003459231-fmigdj98f14tfcabcb70as1i4cs9mb6n.apps.googleusercontent.com",
          "client_type": 3
        }
      ],
      "api_key": [
        {
          "current_key": "AIzaSyDtVEmGihfdYxjwOVL2iKWA-Vrzj95gG7w"
        }
      ],
      "services": {
        "analytics_service": {
          "status": 1
        },
        "appinvite_service": {
          "status": 2,
          "other_platform_oauth_client": [
            {
              "client_id": "1051003459231-fmigdj98f14tfcabcb70as1i4cs9mb6n.apps.googleusercontent.com",
              "client_type": 3
            }
          ]
        },
        "ads_service": {
          "status": 2
        }
      }
    },
    {
      "client_info": {
        "mobilesdk_app_id": "1:1051003459231:android:789bf550bff66a83",
        "android_client_info": {
          "package_name": "com.example.carli.carchat"
        }
      },
      "oauth_client": [
        {
          "client_id": "1051003459231-vc6g3vrt6dlcvuoi4ot0u54kdp2u7sr2.apps.googleusercontent.com",
          "client_type": 1,
          "android_info": {
            "package_name": "com.example.carli.carchat",
            "certificate_hash": "a88ae1df2178e409341fb6cdbd37ab24970bfd66"
          }
        },
        {
          "client_id": "1051003459231-fmigdj98f14tfcabcb70as1i4cs9mb6n.apps.googleusercontent.com",
          "client_type": 3
        }
      ],
      "api_key": [
        {
          "current_key": "AIzaSyDtVEmGihfdYxjwOVL2iKWA-Vrzj95gG7w"
        }
      ],
      "services": {
        "analytics_service": {
          "status": 1
        },
        "appinvite_service": {
          "status": 2,
          "other_platform_oauth_client": [
            {
              "client_id": "1051003459231-fmigdj98f14tfcabcb70as1i4cs9mb6n.apps.googleusercontent.com",
              "client_type": 3
            }
          ]
        },
        "ads_service": {
          "status": 2
        }
      }
    },
    {
      "client_info": {
        "mobilesdk_app_id": "1:1051003459231:android:4fe7253a79c13633",
        "android_client_info": {
          "package_name": "com.example.scottowen.hablapp"
        }
      },
      "oauth_client": [
        {
          "client_id": "1051003459231-0fudf5nrujh9u6nrio0sonei66clsvi9.apps.googleusercontent.com",
          "client_type": 1,
          "android_info": {
            "package_name": "com.example.scottowen.hablapp",
            "certificate_hash": "a88ae1df2178e409341fb6cdbd37ab24970bfd66"
          }
        },
        {
          "client_id": "1051003459231-fmigdj98f14tfcabcb70as1i4cs9mb6n.apps.googleusercontent.com",
          "client_type": 3
        }
      ],
      "api_key": [
        {
          "current_key": "AIzaSyDtVEmGihfdYxjwOVL2iKWA-Vrzj95gG7w"
        }
      ],
      "services": {
        "analytics_service": {
          "status": 1
        },
        "appinvite_service": {
          "status": 2,
          "other_platform_oauth_client": [
            {
              "client_id": "1051003459231-fmigdj98f14tfcabcb70as1i4cs9mb6n.apps.googleusercontent.com",
              "client_type": 3
            }
          ]
        },
        "ads_service": {
          "status": 2
        }
      }
    },
    {
      "client_info": {
        "mobilesdk_app_id": "1:1051003459231:android:0acef8f43268282a",
        "android_client_info": {
          "package_name": "com.example.scottowen.hablappme"
        }
      },
      "oauth_client": [
        {
          "client_id": "1051003459231-3gefjicdifutum5pnikp22hrgj6che3j.apps.googleusercontent.com",
          "client_type": 1,
          "android_info": {
            "package_name": "com.example.scottowen.hablappme",
            "certificate_hash": "a88ae1df2178e409341fb6cdbd37ab24970bfd66"
          }
        },
        {
          "client_id": "1051003459231-fmigdj98f14tfcabcb70as1i4cs9mb6n.apps.googleusercontent.com",
          "client_type": 3
        }
      ],
      "api_key": [
        {
          "current_key": "AIzaSyDtVEmGihfdYxjwOVL2iKWA-Vrzj95gG7w"
        }
      ],
      "services": {
        "analytics_service": {
          "status": 1
        },
        "appinvite_service": {
          "status": 2,
          "other_platform_oauth_client": [
            {
              "client_id": "1051003459231-fmigdj98f14tfcabcb70as1i4cs9mb6n.apps.googleusercontent.com",
              "client_type": 3
            }
          ]
        },
        "ads_service": {
          "status": 2
        }
      }
    },
    {
      "client_info": {
        "mobilesdk_app_id": "1:1051003459231:android:ff16aa2a8eb81565",
        "android_client_info": {
          "package_name": "com.example.scottowen.quepasapp"
        }
      },
      "oauth_client": [
        {
          "client_id": "1051003459231-rodlm2k7k4kvpn97sgsstktu1ohk6l96.apps.googleusercontent.com",
          "client_type": 1,
          "android_info": {
            "package_name": "com.example.scottowen.quepasapp",
            "certificate_hash": "a88ae1df2178e409341fb6cdbd37ab24970bfd66"
          }
        },
        {
          "client_id": "1051003459231-fmigdj98f14tfcabcb70as1i4cs9mb6n.apps.googleusercontent.com",
          "client_type": 3
        }
      ],
      "api_key": [
        {
          "current_key": "AIzaSyDtVEmGihfdYxjwOVL2iKWA-Vrzj95gG7w"
        }
      ],
      "services": {
        "analytics_service": {
          "status": 1
        },
        "appinvite_service": {
          "status": 2,
          "other_platform_oauth_client": [
            {
              "client_id": "1051003459231-fmigdj98f14tfcabcb70as1i4cs9mb6n.apps.googleusercontent.com",
              "client_type": 3
            }
          ]
        },
        "ads_service": {
          "status": 2
        }
      }
    }
  ],
  "configuration_version": "1"
}