{
  "project_info": {
    "project_number": "772369106084",
    "firebase_url": "https://loginfirebase-9addc.firebaseio.com",
    "project_id": "loginfirebase-9addc",
    "storage_bucket": "loginfirebase-9addc.appspot.com"
  },
  "client": [
    {
      "client_info": {
        "mobilesdk_app_id": "1:772369106084:android:aec58fec8e791fe2",
        "android_client_info": {
          "package_name": "com.dam.loginfirebase"
        }
      },
      "oauth_client": [
        {
          "client_id": "772369106084-3kvk1u8shcub4k7f2hj0mmu91kibph0p.apps.googleusercontent.com",
          "client_type": 3
        }
      ],
      "api_key": [
        {
          "current_key": "AIzaSyA1gZwlKLZuLzueypXi7lkt3oZCXuBBDrc"
        }
      ],
      "services": {
        "analytics_service": {
          "status": 1
        },
        "appinvite_service": {
          "status": 1,
          "other_platform_oauth_client": []
        },
        "ads_service": {
          "status": 2
        }
      }
    }
  ],
  "configuration_version": "1"
}